<?xml version="1.0" encoding="UTF-8"?>
<project-private xmlns="http://www.netbeans.org/ns/project-private/1">
    <editor-bookmarks xmlns="http://www.netbeans.org/ns/editor-bookmarks/2" lastBookmarkId="0"/>
    <open-files xmlns="http://www.netbeans.org/ns/projectui-open-files/2">
        <group>
            <file>file:/D:/Mis%20Documentos/Documents/NetBeansProjects/G11_E03_Barajas_Españolas/src/Entidad/Carta.java</file>
            <file>file:/D:/Mis%20Documentos/Documents/NetBeansProjects/G11_E03_Barajas_Españolas/src/g11_e03_barajas_españolas/G11_E03_Barajas_Españolas.java</file>
            <file>file:/D:/Mis%20Documentos/Documents/NetBeansProjects/G11_E03_Barajas_Españolas/src/Servicios/CartaServicio.java</file>
            <file>file:/D:/Mis%20Documentos/Documents/NetBeansProjects/G11_E03_Barajas_Españolas/src/Entidad/Palo.java</file>
        </group>
    </open-files>
</project-private>
